[
    {
        "id": "41",
        "BNID": "1",
        "device_id": "1",
        "address": "1",
        "data": "1",
        "data_type": "1",
        "alarm_type_id": "1",
        "status": "false",
        "time": "2017-05-13 13:18:04.0",
        "name": "仓库温度过高，请注意！！"
    },
    {
        "id": "42",
        "BNID": "1",
        "device_id": "1",
        "address": "1",
        "data": "1",
        "data_type": "1",
        "alarm_type_id": "1",
        "status": "true",
        "time": "2017-05-13 13:18:07.0",
        "name": "仓库温度过高，请注意！！"
    },
    {
        "id": "43",
        "BNID": "1",
        "device_id": "1",
        "address": "1",
        "data": "1",
        "data_type": "1",
        "alarm_type_id": "1",
        "status": "true",
        "time": "2017-05-13 13:18:08.0",
        "name": "仓库温度过高，请注意！！"
    },
    {
        "id": "44",
        "BNID": "1",
        "device_id": "1",
        "address": "1",
        "data": "1",
        "data_type": "1",
        "alarm_type_id": "1",
        "status": "true",
        "time": "2017-05-13 13:18:08.0",
        "name": "仓库温度过高，请注意！！"
    },
    {
        "id": "45",
        "BNID": "1",
        "device_id": "1",
        "address": "1",
        "data": "1",
        "data_type": "1",
        "alarm_type_id": "1",
        "status": "true",
        "time": "2017-05-13 13:18:09.0",
        "name": "仓库温度过高，请注意！！"
    }
]